categories	1	id	varchar(36)	NO	\N	PRI		
categories	2	name	varchar(255)	NO	\N	MUL		
categories	3	slug	varchar(255)	NO	\N	MUL		
categories	4	description	text	YES	\N			
categories	5	created_at	timestamp	NO	CURRENT_TIMESTAMP		DEFAULT_GENERATED	
ielts_reading_sources	1	id	varchar(36)	NO	\N	PRI		
ielts_reading_sources	2	name	varchar(255)	YES	\N			
ielts_reading_sources	3	title	varchar(500)	YES	\N			
ielts_reading_sources	4	category_id	varchar(36)	YES	\N			
ielts_reading_sources	5	content	longtext	YES	\N			
ielts_reading_sources	6	created_at	timestamp	NO	CURRENT_TIMESTAMP		DEFAULT_GENERATED	
ielts_reading_sources	7	updated_at	timestamp	NO	CURRENT_TIMESTAMP		DEFAULT_GENERATED on update CURRENT_TIMESTAMP	
listen_and_type_exercise_challenges	1	id	varchar(36)	NO	\N	PRI		
listen_and_type_exercise_challenges	2	listen_exercise_id	varchar(36)	NO	\N			
listen_and_type_exercise_challenges	3	position	int	YES	\N			
listen_and_type_exercise_challenges	4	content	longtext	YES	\N			
listen_and_type_exercise_challenges	5	json_content	longtext	YES	\N			
listen_and_type_exercise_challenges	6	solution	longtext	YES	\N			
listen_and_type_exercise_challenges	7	time_start	decimal(10,3)	YES	\N			
listen_and_type_exercise_challenges	8	time_end	decimal(10,3)	YES	\N			
listen_and_type_exercise_challenges	9	hints	longtext	YES	\N			
listen_and_type_exercise_challenges	10	created_at	timestamp	NO	CURRENT_TIMESTAMP		DEFAULT_GENERATED	
listen_and_type_exercise_challenges	11	updated_at	timestamp	NO	CURRENT_TIMESTAMP		DEFAULT_GENERATED on update CURRENT_TIMESTAMP	
listen_and_type_exercise_challenges	12	audio_src	text	YES	\N			
listen_exercise	1	lesson_id	varchar(36)	NO	\N	PRI		
listen_exercise	2	title	varchar(500)	YES	\N			
listen_exercise	3	category_id	varchar(36)	YES	\N			
listen_exercise	4	full_document	longtext	YES	\N			
listen_exercise	5	speech_to_text_lang_code	varchar(20)	YES	\N			
listen_exercise	6	audio_url	text	YES	\N			
listen_exercise	7	learning_resource_type	varchar(100)	YES	\N			
listen_exercise	8	created_at	timestamp	NO	CURRENT_TIMESTAMP		DEFAULT_GENERATED	
listen_exercise	9	updated_at	timestamp	NO	CURRENT_TIMESTAMP		DEFAULT_GENERATED on update CURRENT_TIMESTAMP	
listening_category	1	id	varchar(36)	NO	\N	PRI		
listening_category	2	category_name	varchar(255)	NO	\N			
listening_category	3	slug	varchar(255)	YES	\N			
listening_category	4	description	text	YES	\N			
notification_templates	1	id	int	NO	\N	PRI	auto_increment	
notification_templates	2	action_type	varchar(255)	NO	\N	UNI		
notification_templates	3	template	text	NO	\N			
user_daily_vocab_statistics	1	id	varchar(36)	NO	\N	PRI		
user_daily_vocab_statistics	2	user_id	varchar(36)	NO	\N	MUL		
user_daily_vocab_statistics	3	statistic_date	date	NO	\N	MUL		
user_daily_vocab_statistics	4	total_attempts	int	NO	0			
user_daily_vocab_statistics	5	correct_attempts	int	NO	0			
user_daily_vocab_statistics	6	wrong_attempts	int	NO	0			
user_daily_vocab_statistics	7	accuracy	decimal(5,2)	NO	0.00			
user_daily_vocab_statistics	8	total_unique_vocab	int	NO	0			
user_daily_vocab_statistics	9	correct_unique_vocab	int	NO	0			
user_daily_vocab_statistics	10	wrong_unique_vocab	int	NO	0			
user_daily_vocab_statistics	11	wrong_vocab_ids	text	YES	\N			
user_daily_vocab_statistics	12	new_wrong_vocab_ids	text	YES	\N			
user_daily_vocab_statistics	13	repeated_wrong_vocab_ids	text	YES	\N			
user_daily_vocab_statistics	14	most_wrong_vocab_ids	text	YES	\N			
user_daily_vocab_statistics	15	created_at	timestamp	NO	CURRENT_TIMESTAMP		DEFAULT_GENERATED	
user_daily_vocab_statistics	16	updated_at	timestamp	NO	CURRENT_TIMESTAMP		DEFAULT_GENERATED on update CURRENT_TIMESTAMP	
user_info	1	id	varchar(36)	NO	\N	PRI		
user_info	2	username	varchar(100)	YES	\N	MUL		
user_info	3	password_hash	text	YES	\N			
user_info	4	email	varchar(255)	YES	\N	MUL		
user_info	5	created_at	timestamp	NO	CURRENT_TIMESTAMP		DEFAULT_GENERATED	
user_info	6	updated_at	timestamp	NO	CURRENT_TIMESTAMP		DEFAULT_GENERATED on update CURRENT_TIMESTAMP	
user_overall_vocab_statistics	1	id	varchar(36)	NO	\N	PRI		
user_overall_vocab_statistics	2	user_id	varchar(36)	NO	\N	UNI		
user_overall_vocab_statistics	3	total_attempts	int	NO	0			
user_overall_vocab_statistics	4	correct_attempts	int	NO	0			
user_overall_vocab_statistics	5	wrong_attempts	int	NO	0			
user_overall_vocab_statistics	6	accuracy	decimal(5,2)	NO	0.00			
user_overall_vocab_statistics	7	total_unique_vocab	int	NO	0			
user_overall_vocab_statistics	8	correct_unique_vocab	int	NO	0			
user_overall_vocab_statistics	9	wrong_unique_vocab	int	NO	0			
user_overall_vocab_statistics	10	wrong_vocab_ids	text	YES	\N			
user_overall_vocab_statistics	11	most_wrong_vocab_ids	text	YES	\N			
user_overall_vocab_statistics	12	created_at	timestamp	NO	CURRENT_TIMESTAMP		DEFAULT_GENERATED	
user_overall_vocab_statistics	13	updated_at	timestamp	NO	CURRENT_TIMESTAMP		DEFAULT_GENERATED on update CURRENT_TIMESTAMP	
user_push_tokens	1	id	varchar(36)	NO	\N	PRI		
user_push_tokens	2	user_id	varchar(36)	NO	\N	MUL		
user_push_tokens	3	device_name	varchar(255)	YES	\N			
user_push_tokens	4	push_token	varchar(500)	NO	\N	UNI		
user_push_tokens	5	created_at	timestamp	NO	CURRENT_TIMESTAMP		DEFAULT_GENERATED	
user_search_history	1	id	varchar(36)	NO	\N	PRI		
user_search_history	2	user_id	varchar(36)	NO	\N	MUL		
user_search_history	3	word_id	varchar(36)	NO	\N	MUL		
user_search_history	4	searched_at	timestamp	NO	CURRENT_TIMESTAMP		DEFAULT_GENERATED	
user_vocab_attempts	1	id	varchar(36)	NO	\N	PRI		
user_vocab_attempts	2	attempt_id	varchar(36)	NO	\N	MUL		
user_vocab_attempts	3	user_id	varchar(36)	NO	\N	MUL		
user_vocab_attempts	4	user_vocab_id	varchar(36)	NO	\N	MUL		
user_vocab_attempts	5	exercise_type	varchar(100)	NO	\N	MUL		
user_vocab_attempts	6	user_answer	text	YES	\N			
user_vocab_attempts	7	is_correct	tinyint(1)	NO	0	MUL		
user_vocab_attempts	8	replay_count	int	NO	0			
user_vocab_attempts	9	created_at	timestamp	NO	CURRENT_TIMESTAMP		DEFAULT_GENERATED	
user_vocabularies	1	id	varchar(36)	NO	\N	PRI		
user_vocabularies	2	user_id	varchar(36)	NO	\N	MUL		
user_vocabularies	3	word_id	varchar(36)	NO	\N	MUL		
user_vocabularies	4	pos	varchar(50)	YES	\N			
user_vocabularies	5	definition	text	YES	\N			
user_vocabularies	6	saved_at	timestamp	NO	CURRENT_TIMESTAMP		DEFAULT_GENERATED	
user_vocabularies	7	level	int	NO	1			
user_vocabularies	8	next_review_at	timestamp	YES	\N	MUL		
user_vocabularies	9	created_at	timestamp	NO	CURRENT_TIMESTAMP		DEFAULT_GENERATED	
user_vocabularies	10	updated_at	timestamp	NO	CURRENT_TIMESTAMP		DEFAULT_GENERATED on update CURRENT_TIMESTAMP	
word_category	1	id	varchar(36)	NO	\N	PRI		
word_category	2	word_id	varchar(36)	NO	\N	MUL		
word_category	3	category_id	varchar(36)	NO	\N	MUL		
word_category	4	created_at	timestamp	NO	CURRENT_TIMESTAMP		DEFAULT_GENERATED	
word_category	5	updated_at	timestamp	NO	CURRENT_TIMESTAMP		DEFAULT_GENERATED on update CURRENT_TIMESTAMP	
word_example_localizations	1	id	varchar(36)	NO	\N	PRI		
word_example_localizations	2	example_id	varchar(36)	NO	\N	MUL		
word_example_localizations	3	word_id	varchar(36)	NO	\N	MUL		
word_example_localizations	4	sense_id	varchar(36)	YES	\N	MUL		
word_example_localizations	5	lang_code	varchar(10)	NO	\N	MUL		
word_example_localizations	6	translated_text	text	YES	\N			
word_example_localizations	7	review_status	tinyint	NO	0	MUL		
word_example_localizations	8	created_at	timestamp	NO	CURRENT_TIMESTAMP		DEFAULT_GENERATED	
word_example_localizations	9	updated_at	timestamp	NO	CURRENT_TIMESTAMP		DEFAULT_GENERATED on update CURRENT_TIMESTAMP	
word_examples	1	id	varchar(36)	NO	\N	PRI		
word_examples	2	word_id	varchar(36)	NO	\N	MUL		
word_examples	3	sense_id	varchar(36)	YES	\N	MUL		
word_examples	4	text	text	YES	\N			
word_examples	5	example_type	varchar(50)	YES	\N			
word_examples	6	source_ref	text	YES	\N			
word_examples	7	created_at	timestamp	NO	CURRENT_TIMESTAMP		DEFAULT_GENERATED	
word_examples	8	updated_at	timestamp	NO	CURRENT_TIMESTAMP		DEFAULT_GENERATED on update CURRENT_TIMESTAMP	
word_forms	1	id	varchar(36)	NO	\N	PRI		
word_forms	2	word_id	varchar(36)	NO	\N	MUL		
word_forms	3	form	text	NO	\N			
word_forms	4	normalized_form	text	NO	\N	MUL		
word_forms	5	tags	text	YES	\N			
word_idiom_trans	1	id	varchar(36)	NO	\N	PRI		
word_idiom_trans	2	idiom_id	varchar(36)	NO	\N	MUL		
word_idiom_trans	3	idiom	text	YES	\N			
word_idiom_trans	4	definition	text	YES	\N			
word_idiom_trans	5	example	text	YES	\N			
word_idiom_trans	6	example_2	text	YES	\N			
word_idiom_trans	7	review_status	tinyint	NO	0	MUL		
word_idiom_trans	8	lang_code	varchar(10)	NO	\N	MUL		
word_idiom_trans	9	created_at	timestamp	NO	CURRENT_TIMESTAMP		DEFAULT_GENERATED	
word_idiom_trans	10	updated_at	timestamp	NO	CURRENT_TIMESTAMP		DEFAULT_GENERATED on update CURRENT_TIMESTAMP	
word_idiom_trans	11	definition_gpt	text	YES	\N			
word_idioms	1	id	varchar(36)	NO	\N	PRI		
word_idioms	2	word_id	varchar(36)	NO	\N	MUL		
word_idioms	3	idiom	varchar(500)	NO	\N			
word_idioms	4	definition	text	YES	\N			
word_idioms	5	definition_gpt	text	YES	\N			
word_idioms	6	example	text	YES	\N			
word_idioms	7	example2	text	YES	\N			
word_idioms	8	created_at	timestamp	NO	CURRENT_TIMESTAMP		DEFAULT_GENERATED	
word_idioms	9	updated_at	timestamp	NO	CURRENT_TIMESTAMP		DEFAULT_GENERATED on update CURRENT_TIMESTAMP	
word_idioms	10	sense_id	varchar(50)	YES	\N	MUL		
word_idioms	11	idiom_source	varchar(50)	YES	\N	MUL		
word_relations	1	id	varchar(36)	NO	\N	PRI		
word_relations	2	word_id	varchar(36)	NO	\N	MUL		
word_relations	3	synonyms	text	YES	\N			
word_relations	4	antonyms	text	YES	\N			
word_relations	5	derived	text	YES	\N			
word_relations	6	coordinate_terms	text	YES	\N			
word_relations	7	form_of	text	YES	\N			
word_relations	8	alt_of	text	YES	\N			
word_sense_localizations	1	id	varchar(36)	NO	\N	PRI		
word_sense_localizations	2	sense_id	varchar(36)	YES	\N	MUL		
word_sense_localizations	3	word_id	varchar(36)	NO	\N	MUL		
word_sense_localizations	4	lang_code	varchar(10)	NO	\N	MUL		
word_sense_localizations	5	short_meaning	text	YES	\N			
word_sense_localizations	6	full_localized_definition	text	YES	\N			
word_sense_localizations	7	source	varchar(50)	NO	\N	MUL		
word_sense_localizations	8	review_status	tinyint	NO	0	MUL		
word_sense_localizations	9	created_at	timestamp	NO	CURRENT_TIMESTAMP		DEFAULT_GENERATED	
word_sense_localizations	10	updated_at	timestamp	NO	CURRENT_TIMESTAMP		DEFAULT_GENERATED on update CURRENT_TIMESTAMP	
word_senses	1	id	varchar(36)	NO	\N	PRI		
word_senses	2	word_id	varchar(36)	NO	\N	MUL		
word_senses	3	definition	text	YES	\N			
word_senses	4	synonyms	text	YES	\N			
word_senses	5	antonyms	text	YES	\N			
word_senses	6	derived	text	YES	\N			
word_senses	7	coordinate_terms	text	YES	\N			
word_senses	8	form_of	text	YES	\N			
word_senses	9	alt_of	text	YES	\N			
word_sounds	1	id	varchar(36)	NO	\N	PRI		
word_sounds	2	word_id	varchar(36)	NO	\N	MUL		
word_sounds	3	ipa	varchar(255)	YES	\N			
word_sounds	4	tags	text	YES	\N			
word_sounds	5	sound_source	varchar(50)	NO	\N	MUL		
word_sounds	6	ogg_url	text	YES	\N			
word_sounds	7	mp3_url	text	YES	\N			
word_sounds	8	enpr	varchar(255)	YES	\N			
words	1	id	varchar(36)	NO	\N	PRI		
words	2	word	text	NO	\N			
words	3	normalized_word	text	NO	\N	MUL		
words	4	pos	varchar(50)	YES	\N			
words	5	lang	varchar(50)	YES	\N			
words	6	lang_code	varchar(10)	YES	\N			
words	7	word_source	varchar(50)	NO	\N			
words	8	other_source	varchar(100)	YES	\N			
words	9	cert_level	varchar(20)	YES	\N	MUL		
words	10	created_at	timestamp	NO	CURRENT_TIMESTAMP		DEFAULT_GENERATED	
words	11	updated_at	timestamp	NO	CURRENT_TIMESTAMP		DEFAULT_GENERATED on update CURRENT_TIMESTAMP	
